Category,Keyword,Tweet_Website,Author_Name,Author_Web_Page_URL,Tweet_Timestamp,Tweet_Content,Tweet_Image_URL,Tweet_Video_URL,Tweet_AD,Tweet_Number_of_Reviews,Tweet_Number_of_Retweets,Tweet_Number_of_Likes,Tweet_Number_of_Looks
Post&amp;Comment,#GPT,https://twitter.com/kirawontmiss/status/1648730617318604815,kira President Biden,https://twitter.com/kirawontmiss,2023-04-19,bro you are the president. YOU do it,,https://twitter.com/kirawontmiss/status/1648730617318604815,False,596,10.2K,139.1K,5.7M
Post&amp;Comment,#GPT,https://twitter.com/kirawontmiss/status/1648709293330386944,kira B,https://twitter.com/kirawontmiss,2023-04-19,ice spice just came to the scene and she already got clones in spain,,https://twitter.com/kirawontmiss/status/1648709293330386944,False,"1,478","6,357",113.7K,11.8M
Post&amp;Comment,#GPT,https://twitter.com/albert12798/status/1648720620560216064,albert,https://twitter.com/albert12798,2023-04-19,just took this picture,https://pbs.twimg.com/media/FuFuqkwaQAAitF_?format=jpg&name=small,https://twitter.com/albert12798/status/1648720620560216064,False,467,"1,941",66K,1.3M
Post&amp;Comment,#GPT,https://twitter.com/PopBase/status/1648721877693784067,Pop Base,https://twitter.com/PopBase,2023-04-19,ASTRO’s Moonbin has passed away at the age of 25.,https://pbs.twimg.com/media/FuFvzxoakAEOLjK?format=jpg&name=small,https://twitter.com/PopBase/status/1648721877693784067,False,,13.4K,53.6K,9.6M
Post&amp;Comment,#OpenAI,https://twitter.com/kirawontmiss/status/1648730617318604815,kira President Biden,https://twitter.com/kirawontmiss,2023-04-19,bro you are the president. YOU do it,,https://twitter.com/kirawontmiss/status/1648730617318604815,False,597,10.2K,139.1K,5.7M
Post&amp;Comment,#OpenAI,https://twitter.com/kirawontmiss/status/1648709293330386944,kira B,https://twitter.com/kirawontmiss,2023-04-19,ice spice just came to the scene and she already got clones in spain,,https://twitter.com/kirawontmiss/status/1648709293330386944,False,"1,478","6,357",113.8K,11.8M
Post&amp;Comment,#OpenAI,https://twitter.com/albert12798/status/1648720620560216064,albert,https://twitter.com/albert12798,2023-04-19,just took this picture,https://pbs.twimg.com/media/FuFuqkwaQAAitF_?format=jpg&name=small,https://twitter.com/albert12798/status/1648720620560216064,False,467,"1,941",66K,1.3M
Post&amp;Comment,#OpenAI,https://twitter.com/PopBase/status/1648721877693784067,Pop Base,https://twitter.com/PopBase,2023-04-19,ASTRO’s Moonbin has passed away at the age of 25.,https://pbs.twimg.com/media/FuFvzxoakAEOLjK?format=jpg&name=small,https://twitter.com/PopBase/status/1648721877693784067,False,,13.4K,53.6K,9.6M
Post&amp;Comment,#ChatGPT,https://twitter.com/kirawontmiss/status/1648730617318604815,kira President Biden,https://twitter.com/kirawontmiss,2023-04-19,bro you are the president. YOU do it,,https://twitter.com/kirawontmiss/status/1648730617318604815,False,596,10.2K,139.1K,5.7M
Post&amp;Comment,#ChatGPT,https://twitter.com/kirawontmiss/status/1648709293330386944,kira B,https://twitter.com/kirawontmiss,2023-04-19,ice spice just came to the scene and she already got clones in spain,,https://twitter.com/kirawontmiss/status/1648709293330386944,False,"1,478","6,357",113.7K,11.8M
Post&amp;Comment,#ChatGPT,https://twitter.com/albert12798/status/1648720620560216064,albert,https://twitter.com/albert12798,2023-04-19,just took this picture,https://pbs.twimg.com/media/FuFuqkwaQAAitF_?format=jpg&name=small,https://twitter.com/albert12798/status/1648720620560216064,False,467,"1,941",66K,1.3M
Post&amp;Comment,#ChatGPT,https://twitter.com/PopBase/status/1648721877693784067,Pop Base,https://twitter.com/PopBase,2023-04-19,ASTRO’s Moonbin has passed away at the age of 25.,https://pbs.twimg.com/media/FuFvzxoakAEOLjK?format=jpg&name=small,https://twitter.com/PopBase/status/1648721877693784067,False,,13.4K,53.6K,9.6M
Post&amp;Comment,#GPT,https://twitter.com/kirawontmiss/status/1648726935260758031,kira Ellen DeGeneres,https://twitter.com/kirawontmiss,2023-04-19,imagine seeing this running towards you at full speed in the dark,https://pbs.twimg.com/media/FuBEgopaIAAslPU?format=jpg&name=small,https://twitter.com/kirawontmiss/status/1648726935260758031,False,440,"2,797",61.2K,2.8M
Post&amp;Comment,#GPT,https://twitter.com/_B___S/status/1648738225404379151,B&S,https://twitter.com/_B___S,2023-04-19,This old man is donating tennis balls to the animal shelter,https://pbs.twimg.com/media/FuF-rPlWAAgANrl?format=jpg&name=small,https://twitter.com/_B___S/status/1648738225404379151,False,84,"1,212",24.7K,391K
Post&amp;Comment,#GPT,https://twitter.com/albert12798/status/1648748906610839552,albert,https://twitter.com/albert12798,2023-04-19,my IQ test just came back negative,https://pbs.twimg.com/media/FuGIZDVagAAzmwJ?format=jpg&name=small,https://twitter.com/albert12798/status/1648748906610839552,False,119,466,11.9K,251.7K
Post&amp;Comment,#GPT,https://twitter.com/theweeknd/status/1648736477613035520,The Weeknd,https://twitter.com/theweeknd,2023-04-19,new song “DOUBLE FANTASY” ft. @1future out tomorrow night : http://theweeknd.co/DoubleFantasy.  #THEIDOL,https://pbs.twimg.com/media/FuF7O_hacAU3Xm5?format=jpg&name=small,https://twitter.com/theweeknd/status/1648736477613035520,False,563,"4,188",23.8K,697.7K
Post&amp;Comment,#GPT,https://twitter.com/upblissed/status/1648692335952134146,Corn ✧⍣Halo Wars 2,https://twitter.com/upblissed,2023-04-19,racists boutta have a field day wit this they retired his number like he a hall of famer,https://pbs.twimg.com/media/Ft8Q9LKXsAAK-Mc?format=jpg&name=small,https://twitter.com/upblissed/status/1648692335952134146,False,206,"4,615",76.4K,3.4M
Post&amp;Comment,#OpenAI,https://twitter.com/kirawontmiss/status/1648726935260758031,kira Ellen DeGeneres,https://twitter.com/kirawontmiss,2023-04-19,imagine seeing this running towards you at full speed in the dark,https://pbs.twimg.com/media/FuBEgopaIAAslPU?format=jpg&name=small,https://twitter.com/kirawontmiss/status/1648726935260758031,False,440,"2,797",61.2K,2.8M
Post&amp;Comment,#OpenAI,https://twitter.com/_B___S/status/1648738225404379151,B&S,https://twitter.com/_B___S,2023-04-19,This old man is donating tennis balls to the animal shelter,https://pbs.twimg.com/media/FuF-rPlWAAgANrl?format=jpg&name=small,https://twitter.com/_B___S/status/1648738225404379151,False,84,"1,212",24.7K,391K
Post&amp;Comment,#OpenAI,https://twitter.com/theweeknd/status/1648736477613035520,The Weeknd,https://twitter.com/theweeknd,2023-04-19,new song “DOUBLE FANTASY” ft. @1future out tomorrow night : http://theweeknd.co/DoubleFantasy.  #THEIDOL,https://pbs.twimg.com/media/FuF7O_hacAU3Xm5?format=jpg&name=small,https://twitter.com/theweeknd/status/1648736477613035520,False,563,"4,188",23.8K,697.7K
Post&amp;Comment,#OpenAI,https://twitter.com/upblissed/status/1648692335952134146,Corn ✧⍣Halo Wars 2,https://twitter.com/upblissed,2023-04-19,racists boutta have a field day wit this they retired his number like he a hall of famer,https://pbs.twimg.com/media/Ft8Q9LKXsAAK-Mc?format=jpg&name=small,https://twitter.com/upblissed/status/1648692335952134146,False,206,"4,615",76.4K,3.4M
Post&amp;Comment,#ChatGPT,https://twitter.com/kirawontmiss/status/1648726935260758031,kira Ellen DeGeneres,https://twitter.com/kirawontmiss,2023-04-19,imagine seeing this running towards you at full speed in the dark,https://pbs.twimg.com/media/FuBEgopaIAAslPU?format=jpg&name=small,https://twitter.com/kirawontmiss/status/1648726935260758031,False,440,"2,797",61.2K,2.8M
Post&amp;Comment,#ChatGPT,https://twitter.com/_B___S/status/1648738225404379151,B&S,https://twitter.com/_B___S,2023-04-19,This old man is donating tennis balls to the animal shelter,https://pbs.twimg.com/media/FuF-rPlWAAgANrl?format=jpg&name=small,https://twitter.com/_B___S/status/1648738225404379151,False,84,"1,212",24.7K,391K
Post&amp;Comment,#ChatGPT,https://twitter.com/theweeknd/status/1648736477613035520,The Weeknd,https://twitter.com/theweeknd,2023-04-19,new song “DOUBLE FANTASY” ft. @1future out tomorrow night : http://theweeknd.co/DoubleFantasy.  #THEIDOL,https://pbs.twimg.com/media/FuF7O_hacAU3Xm5?format=jpg&name=small,https://twitter.com/theweeknd/status/1648736477613035520,False,563,"4,188",23.8K,697.7K
Post&amp;Comment,#ChatGPT,https://twitter.com/upblissed/status/1648692335952134146,Corn ✧⍣Halo Wars 2,https://twitter.com/upblissed,2023-04-19,racists boutta have a field day wit this they retired his number like he a hall of famer,https://pbs.twimg.com/media/Ft8Q9LKXsAAK-Mc?format=jpg&name=small,https://twitter.com/upblissed/status/1648692335952134146,False,206,"4,615",76.4K,3.4M
Post&amp;Comment,#GPT,https://twitter.com/FabrizioRomano/status/1648716307574009859,Fabrizio Romano,https://twitter.com/FabrizioRomano,2023-04-19,"Real Betis legend Joaquín announces his retirement from professional football at the end of current season  #Betis839 pro apps, 112 goals, 102 assists. 23 years of fantastic performances and true love for Betis.",https://pbs.twimg.com/media/FuFqvZ8WwAQOn79?format=jpg&name=small,https://twitter.com/FabrizioRomano/status/1648716307574009859,False,296,"2,789",41.3K,2.2M
Post&amp;Comment,#GPT,https://twitter.com/TweetsOfCats/status/1648722375309918210,Tweets of Cats,https://twitter.com/TweetsOfCats,2023-04-19,stop ordering biscuits!,,https://twitter.com/TweetsOfCats/status/1648722375309918210,False,166,"4,157",30.7K,500.5K
Post&amp;Comment,#GPT,https://twitter.com/SaeedDiCaprio/status/1648708599466582017,Hurt CoPain,https://twitter.com/SaeedDiCaprio,2023-04-19,they need to name the person so I can bully them,https://pbs.twimg.com/media/FuFju5oWwAEm9Uv?format=jpg&name=small,https://twitter.com/SaeedDiCaprio/status/1648708599466582017,False,56,"1,376",40K,819.5K
Post&amp;Comment,#GPT,https://twitter.com/_B___S/status/1648714854914555905,B&S,https://twitter.com/_B___S,2023-04-19,Pelican tries to eat capybara,,https://twitter.com/_B___S/status/1648714854914555905,False,329,"3,915",34.1K,884.5K
Post&amp;Comment,#OpenAI,https://twitter.com/albert12798/status/1648748906610839552,albert,https://twitter.com/albert12798,2023-04-19,my IQ test just came back negative,https://pbs.twimg.com/media/FuGIZDVagAAzmwJ?format=jpg&name=small,https://twitter.com/albert12798/status/1648748906610839552,False,119,466,11.9K,251.7K
Post&amp;Comment,#OpenAI,https://twitter.com/FabrizioRomano/status/1648716307574009859,Fabrizio Romano,https://twitter.com/FabrizioRomano,2023-04-19,"Real Betis legend Joaquín announces his retirement from professional football at the end of current season  #Betis839 pro apps, 112 goals, 102 assists. 23 years of fantastic performances and true love for Betis.",https://pbs.twimg.com/media/FuFqvZ8WwAQOn79?format=jpg&name=small,https://twitter.com/FabrizioRomano/status/1648716307574009859,False,296,"2,789",41.3K,2.2M
Post&amp;Comment,#OpenAI,https://twitter.com/TweetsOfCats/status/1648722375309918210,Tweets of Cats,https://twitter.com/TweetsOfCats,2023-04-19,stop ordering biscuits!,,https://twitter.com/TweetsOfCats/status/1648722375309918210,False,166,"4,158",30.7K,500.5K
Post&amp;Comment,#OpenAI,https://twitter.com/SaeedDiCaprio/status/1648708599466582017,Hurt CoPain,https://twitter.com/SaeedDiCaprio,2023-04-19,they need to name the person so I can bully them,https://pbs.twimg.com/media/FuFju5oWwAEm9Uv?format=jpg&name=small,https://twitter.com/SaeedDiCaprio/status/1648708599466582017,False,56,"1,376",40K,819.5K
Post&amp;Comment,#OpenAI,https://twitter.com/_B___S/status/1648714854914555905,B&S,https://twitter.com/_B___S,2023-04-19,Pelican tries to eat capybara,,https://twitter.com/_B___S/status/1648714854914555905,False,329,"3,915",34.1K,884.5K
Post&amp;Comment,#ChatGPT,https://twitter.com/FabrizioRomano/status/1648716307574009859,Fabrizio Romano,https://twitter.com/FabrizioRomano,2023-04-19,"Real Betis legend Joaquín announces his retirement from professional football at the end of current season  #Betis839 pro apps, 112 goals, 102 assists. 23 years of fantastic performances and true love for Betis.",https://pbs.twimg.com/media/FuFqvZ8WwAQOn79?format=jpg&name=small,https://twitter.com/FabrizioRomano/status/1648716307574009859,False,296,"2,789",41.3K,2.2M
Post&amp;Comment,#ChatGPT,https://twitter.com/albert12798/status/1648748906610839552,albert,https://twitter.com/albert12798,2023-04-19,my IQ test just came back negative,https://pbs.twimg.com/media/FuGIZDVagAAzmwJ?format=jpg&name=small,https://twitter.com/albert12798/status/1648748906610839552,False,119,466,11.9K,251.7K
Post&amp;Comment,#ChatGPT,https://twitter.com/TweetsOfCats/status/1648722375309918210,Tweets of Cats,https://twitter.com/TweetsOfCats,2023-04-19,stop ordering biscuits!,,https://twitter.com/TweetsOfCats/status/1648722375309918210,False,166,"4,157",30.7K,500.5K
Post&amp;Comment,#ChatGPT,https://twitter.com/SaeedDiCaprio/status/1648708599466582017,Hurt CoPain,https://twitter.com/SaeedDiCaprio,2023-04-19,they need to name the person so I can bully them,https://pbs.twimg.com/media/FuFju5oWwAEm9Uv?format=jpg&name=small,https://twitter.com/SaeedDiCaprio/status/1648708599466582017,False,56,"1,376",40K,819.5K
Post&amp;Comment,#ChatGPT,https://twitter.com/_B___S/status/1648714854914555905,B&S,https://twitter.com/_B___S,2023-04-19,Pelican tries to eat capybara,,https://twitter.com/_B___S/status/1648714854914555905,False,329,"3,915",34.1K,884.5K
Post&amp;Comment,#GPT,https://twitter.com/POTUS/status/1648687897040547842,President Biden,https://twitter.com/POTUS,2023-04-19,Ban assault weapons – it’s beyond time.,,https://twitter.com/POTUS/status/1648687897040547842,False,21.8K,"6,426",51.8K,12.8M
Post&amp;Comment,#GPT,https://twitter.com/dog_rates/status/1648720687568392192,WeRateDogs®,https://twitter.com/dog_rates,2023-04-19,This is Hubert. You're not going to believe what he found while playing today. Potentially one of his best discoveries to date. It was a puddle. 13/10,,https://twitter.com/dog_rates/status/1648720687568392192,False,405,"2,120",27.9K,1.6M
Post&amp;Comment,#GPT,https://twitter.com/buitengebieden/status/1648566796784467968,Buitengebieden,https://twitter.com/buitengebieden,2023-04-19,"Last few days I’m really wondering if people see my tweets on their timeline.. If you see this tweet, please give it a like.",https://pbs.twimg.com/media/FuDiw41XwAI_Qfo?format=jpg&name=small,https://twitter.com/buitengebieden/status/1648566796784467968,False,"1,687","1,816",109.4K,2.2M
Post&amp;Comment,#GPT,https://twitter.com/hasanthehun/status/1648691771277467650,hasanabiAncommie,https://twitter.com/hasanthehun,2023-04-19,they’re retiring the number like it’s the jersey of an nba legend oh man,https://pbs.twimg.com/media/FuBYP1oX0AMYAlt?format=jpg&name=small,https://twitter.com/hasanthehun/status/1648691771277467650,False,158,"1,825",38.3K,1.8M
Post&amp;Comment,#GPT,https://twitter.com/_B___S/status/1648731219566252034,B&S,https://twitter.com/_B___S,2023-04-19,Old dog teaches the new dog where the doggy-door is,,https://twitter.com/_B___S/status/1648731219566252034,False,77,"2,274",21.3K,428.9K
Post&amp;Comment,#OpenAI,https://twitter.com/POTUS/status/1648687897040547842,President Biden,https://twitter.com/POTUS,2023-04-19,Ban assault weapons – it’s beyond time.,,https://twitter.com/POTUS/status/1648687897040547842,False,21.8K,"6,426",51.8K,12.8M
Post&amp;Comment,#OpenAI,https://twitter.com/buitengebieden/status/1648566796784467968,Buitengebieden,https://twitter.com/buitengebieden,2023-04-19,"Last few days I’m really wondering if people see my tweets on their timeline.. If you see this tweet, please give it a like.",https://pbs.twimg.com/media/FuDiw41XwAI_Qfo?format=jpg&name=small,https://twitter.com/buitengebieden/status/1648566796784467968,False,"1,687","1,816",109.4K,2.2M
Post&amp;Comment,#OpenAI,https://twitter.com/hasanthehun/status/1648691771277467650,hasanabiAncommie,https://twitter.com/hasanthehun,2023-04-19,they’re retiring the number like it’s the jersey of an nba legend oh man,https://pbs.twimg.com/media/FuBYP1oX0AMYAlt?format=jpg&name=small,https://twitter.com/hasanthehun/status/1648691771277467650,False,158,"1,825",38.3K,1.8M
Post&amp;Comment,#OpenAI,https://twitter.com/kirawontmiss/status/1648714855027814402,kira ,https://twitter.com/kirawontmiss,2023-04-19,creative ass way to sell pants i’m crying,https://pbs.twimg.com/media/FuFpa9lXoAA9Fn7?format=jpg&name=small,https://twitter.com/kirawontmiss/status/1648714855027814402,False,109,848,33K,881.8K
Post&amp;Comment,#OpenAI,https://twitter.com/ESPNFC/status/1648657700266426370,ESPN FC,https://twitter.com/ESPNFC,2023-04-19,João Felix and Vinicius Jr. chatting after yesterday's match,https://pbs.twimg.com/media/FuCanTrX0AAunh6?format=jpg&name=small,https://twitter.com/ESPNFC/status/1648657700266426370,False,315,"1,781",52.4K,2.8M
Post&amp;Comment,#ChatGPT,https://twitter.com/POTUS/status/1648687897040547842,President Biden,https://twitter.com/POTUS,2023-04-19,Ban assault weapons – it’s beyond time.,,https://twitter.com/POTUS/status/1648687897040547842,False,21.8K,"6,426",51.8K,12.8M
Post&amp;Comment,#ChatGPT,https://twitter.com/dog_rates/status/1648720687568392192,WeRateDogs®,https://twitter.com/dog_rates,2023-04-19,This is Hubert. You're not going to believe what he found while playing today. Potentially one of his best discoveries to date. It was a puddle. 13/10,,https://twitter.com/dog_rates/status/1648720687568392192,False,405,"2,120",27.9K,1.6M
Post&amp;Comment,#ChatGPT,https://twitter.com/buitengebieden/status/1648566796784467968,Buitengebieden,https://twitter.com/buitengebieden,2023-04-19,"Last few days I’m really wondering if people see my tweets on their timeline.. If you see this tweet, please give it a like.",https://pbs.twimg.com/media/FuDiw41XwAI_Qfo?format=jpg&name=small,https://twitter.com/buitengebieden/status/1648566796784467968,False,"1,687","1,816",109.4K,2.2M
Post&amp;Comment,#ChatGPT,https://twitter.com/hasanthehun/status/1648691771277467650,hasanabiAncommie,https://twitter.com/hasanthehun,2023-04-19,they’re retiring the number like it’s the jersey of an nba legend oh man,https://pbs.twimg.com/media/FuBYP1oX0AMYAlt?format=jpg&name=small,https://twitter.com/hasanthehun/status/1648691771277467650,False,158,"1,825",38.3K,1.8M
Post&amp;Comment,#ChatGPT,https://twitter.com/kirawontmiss/status/1648714855027814402,kira ,https://twitter.com/kirawontmiss,2023-04-19,creative ass way to sell pants i’m crying,https://pbs.twimg.com/media/FuFpa9lXoAA9Fn7?format=jpg&name=small,https://twitter.com/kirawontmiss/status/1648714855027814402,False,109,848,33K,881.8K
Post&amp;Comment,#GPT,https://twitter.com/kirawontmiss/status/1648726935260758031,kira Ellen DeGeneres,https://twitter.com/kirawontmiss,2023-04-19,imagine seeing this running towards you at full speed in the dark,https://pbs.twimg.com/media/FuBEgopaIAAslPU?format=jpg&name=small,https://twitter.com/kirawontmiss/status/1648726935260758031,False,443,"2,811",61.5K,2.8M
Post&amp;Comment,#GPT,https://twitter.com/albert12798/status/1648720620560216064,albert,https://twitter.com/albert12798,2023-04-19,just took this picture,https://pbs.twimg.com/media/FuFuqkwaQAAitF_?format=jpg&name=small,https://twitter.com/albert12798/status/1648720620560216064,False,467,"1,947",66.2K,1.3M
Post&amp;Comment,#GPT,https://twitter.com/PopBase/status/1648721877693784067,Pop Base,https://twitter.com/PopBase,2023-04-19,ASTRO’s Moonbin has passed away at the age of 25.,https://pbs.twimg.com/media/FuFvzxoakAEOLjK?format=jpg&name=small,https://twitter.com/PopBase/status/1648721877693784067,False,,13.4K,53.7K,9.6M
Post&amp;Comment,#GPT,https://twitter.com/upblissed/status/1648692335952134146,Corn ✧⍣Halo Wars 2,https://twitter.com/upblissed,2023-04-19,racists boutta have a field day wit this they retired his number like he a hall of famer,https://pbs.twimg.com/media/Ft8Q9LKXsAAK-Mc?format=jpg&name=small,https://twitter.com/upblissed/status/1648692335952134146,False,207,"4,617",76.5K,3.4M
Post&amp;Comment,#OpenAI,https://twitter.com/dog_rates/status/1648720687568392192,WeRateDogs®,https://twitter.com/dog_rates,2023-04-19,This is Hubert. You're not going to believe what he found while playing today. Potentially one of his best discoveries to date. It was a puddle. 13/10,,https://twitter.com/dog_rates/status/1648720687568392192,False,405,"2,125",28K,1.6M
Post&amp;Comment,#OpenAI,https://twitter.com/_B___S/status/1648731219566252034,B&S,https://twitter.com/_B___S,2023-04-19,Old dog teaches the new dog where the doggy-door is,,https://twitter.com/_B___S/status/1648731219566252034,False,77,"2,289",21.4K,434K
Post&amp;Comment,#OpenAI,https://twitter.com/kirawontmiss/status/1648726935260758031,kira Ellen DeGeneres,https://twitter.com/kirawontmiss,2023-04-19,imagine seeing this running towards you at full speed in the dark,https://pbs.twimg.com/media/FuBEgopaIAAslPU?format=jpg&name=small,https://twitter.com/kirawontmiss/status/1648726935260758031,False,443,"2,813",61.5K,2.8M
Post&amp;Comment,#OpenAI,https://twitter.com/albert12798/status/1648720620560216064,albert,https://twitter.com/albert12798,2023-04-19,just took this picture,https://pbs.twimg.com/media/FuFuqkwaQAAitF_?format=jpg&name=small,https://twitter.com/albert12798/status/1648720620560216064,False,468,"1,947",66.2K,1.3M
Post&amp;Comment,#OpenAI,https://twitter.com/PopBase/status/1648721877693784067,Pop Base,https://twitter.com/PopBase,2023-04-19,ASTRO’s Moonbin has passed away at the age of 25.,https://pbs.twimg.com/media/FuFvzxoakAEOLjK?format=jpg&name=small,https://twitter.com/PopBase/status/1648721877693784067,False,,13.4K,53.7K,9.6M
Post&amp;Comment,#ChatGPT,https://twitter.com/ESPNFC/status/1648702997369683970,ESPN FC,https://twitter.com/ESPNFC,2023-04-19,A reminder that AC Milan signed Rafael Leao and Mike Maignan from Lille for a combined €40m  Brilliant business,https://pbs.twimg.com/media/FuFTIOJX0AAzcie?format=jpg&name=small,https://twitter.com/ESPNFC/status/1648702997369683970,False,103,"1,423",26.8K,554.2K
Post&amp;Comment,#ChatGPT,https://twitter.com/kirawontmiss/status/1648726935260758031,kira Ellen DeGeneres,https://twitter.com/kirawontmiss,2023-04-19,imagine seeing this running towards you at full speed in the dark,https://pbs.twimg.com/media/FuBEgopaIAAslPU?format=jpg&name=small,https://twitter.com/kirawontmiss/status/1648726935260758031,False,443,"2,813",61.5K,2.8M
Post&amp;Comment,#ChatGPT,https://twitter.com/albert12798/status/1648720620560216064,albert,https://twitter.com/albert12798,2023-04-19,just took this picture,https://pbs.twimg.com/media/FuFuqkwaQAAitF_?format=jpg&name=small,https://twitter.com/albert12798/status/1648720620560216064,False,468,"1,947",66.2K,1.3M
Post&amp;Comment,#ChatGPT,https://twitter.com/PopBase/status/1648721877693784067,Pop Base,https://twitter.com/PopBase,2023-04-19,ASTRO’s Moonbin has passed away at the age of 25.,https://pbs.twimg.com/media/FuFvzxoakAEOLjK?format=jpg&name=small,https://twitter.com/PopBase/status/1648721877693784067,False,,13.4K,53.7K,9.6M
Post&amp;Comment,#ChatGPT,https://twitter.com/upblissed/status/1648692335952134146,Corn ✧⍣Halo Wars 2,https://twitter.com/upblissed,2023-04-19,racists boutta have a field day wit this they retired his number like he a hall of famer,https://pbs.twimg.com/media/Ft8Q9LKXsAAK-Mc?format=jpg&name=small,https://twitter.com/upblissed/status/1648692335952134146,False,207,"4,617",76.5K,3.4M
Post&amp;Comment,#ChatGPT,https://twitter.com/TweetsOfCats/status/1648722375309918210,Tweets of Cats,https://twitter.com/TweetsOfCats,2023-04-19,stop ordering biscuits!,,https://twitter.com/TweetsOfCats/status/1648722375309918210,False,167,"4,173",30.8K,504.2K
Post&amp;Comment,#GPT,https://twitter.com/ESPNFC/status/1648657700266426370,ESPN FC,https://twitter.com/ESPNFC,2023-04-19,João Felix and Vinicius Jr. chatting after yesterday's match,https://pbs.twimg.com/media/FuCanTrX0AAunh6?format=jpg&name=small,https://twitter.com/ESPNFC/status/1648657700266426370,False,315,"1,782",52.5K,2.8M
Post&amp;Comment,#GPT,https://twitter.com/albert12798/status/1648720620560216064,albert,https://twitter.com/albert12798,2023-04-19,just took this picture,https://pbs.twimg.com/media/FuFuqkwaQAAitF_?format=jpg&name=small,https://twitter.com/albert12798/status/1648720620560216064,False,469,"1,947",66.3K,1.3M
Post&amp;Comment,#GPT,https://twitter.com/PopBase/status/1648721877693784067,Pop Base,https://twitter.com/PopBase,2023-04-19,ASTRO’s Moonbin has passed away at the age of 25.,https://pbs.twimg.com/media/FuFvzxoakAEOLjK?format=jpg&name=small,https://twitter.com/PopBase/status/1648721877693784067,False,,13.4K,53.7K,9.7M
Post&amp;Comment,#GPT,https://twitter.com/upblissed/status/1648692335952134146,Corn ✧⍣Halo Wars 2,https://twitter.com/upblissed,2023-04-19,racists boutta have a field day wit this they retired his number like he a hall of famer,https://pbs.twimg.com/media/Ft8Q9LKXsAAK-Mc?format=jpg&name=small,https://twitter.com/upblissed/status/1648692335952134146,False,207,"4,620",76.5K,3.4M
Post&amp;Comment,#OpenAI,https://twitter.com/MattWallace888/status/1648581145968164864,Matt Wallace,https://twitter.com/MattWallace888,2023-04-19,SHOULD PERMANENT GENDER SURGERIES FOR LITTLE KIDS BE BANNED IMMEDIATELY?,,https://twitter.com/MattWallace888/status/1648581145968164864,False,"6,140","4,520",72.7K,3M
Post&amp;Comment,#OpenAI,https://twitter.com/ESPNFC/status/1648702997369683970,ESPN FC,https://twitter.com/ESPNFC,2023-04-19,A reminder that AC Milan signed Rafael Leao and Mike Maignan from Lille for a combined €40m  Brilliant business,https://pbs.twimg.com/media/FuFTIOJX0AAzcie?format=jpg&name=small,https://twitter.com/ESPNFC/status/1648702997369683970,False,103,"1,423",26.8K,554.2K
Post&amp;Comment,#OpenAI,https://twitter.com/GatorsDaily/status/1648439938655072261,Gators Daily ,https://twitter.com/GatorsDaily,2023-04-18,ok guys here is a testwhich one will see u laterand which one will see u in a while,https://pbs.twimg.com/media/FuBvUajaUAAlD1Z?format=jpg&name=small,https://twitter.com/GatorsDaily/status/1648439938655072261,False,"2,503","8,322",120.8K,10.1M
Post&amp;Comment,#OpenAI,https://twitter.com/KatyMontgomerie/status/1648680554764574722,Katy Montgomerie Shea LaRoux ,https://twitter.com/KatyMontgomerie,2023-04-19,"Hearing reports that in the middle of some Florida trans kids testifying that they should be allowed rights, that the police shut their parents out and took custody of the kids?!",,https://twitter.com/KatyMontgomerie/status/1648680554764574722,False,200,"5,629",29.3K,1.6M
Post&amp;Comment,#OpenAI,https://twitter.com/DailyLoud/status/1648725141491253249,Daily Loudshao as a service,https://twitter.com/DailyLoud,2023-04-19,"McDonald's in Japan have installed sink systems that come with a slot that ""sanitizes"" your smartphone",,https://twitter.com/DailyLoud/status/1648725141491253249,False,377,"1,278",13K,1.2M
Post&amp;Comment,#OpenAI,https://twitter.com/vidsthatgohard/status/1648713456403750914,vids that go hardThe Wrestling Room (Pat Mineo),https://twitter.com/vidsthatgohard,2023-04-19,why he have do that,,https://twitter.com/vidsthatgohard/status/1648713456403750914,False,578,699,15.7K,3.5M
Post&amp;Comment,#ChatGPT,https://twitter.com/_B___S/status/1648633199835115520,B&S,https://twitter.com/_B___S,2023-04-19,"An albino peacock flying over a regular one, and it looks indeed his spirit or an out of body experience",https://pbs.twimg.com/media/FuEfJ36X0AAp6yc?format=jpg&name=small,https://twitter.com/_B___S/status/1648633199835115520,False,142,10.2K,88.2K,1.8M
Post&amp;Comment,#ChatGPT,https://twitter.com/MattWallace888/status/1648581145968164864,Matt Wallace,https://twitter.com/MattWallace888,2023-04-19,SHOULD PERMANENT GENDER SURGERIES FOR LITTLE KIDS BE BANNED IMMEDIATELY?,,https://twitter.com/MattWallace888/status/1648581145968164864,False,"6,140","4,520",72.7K,3M
Post&amp;Comment,#ChatGPT,https://twitter.com/GatorsDaily/status/1648439938655072261,Gators Daily ,https://twitter.com/GatorsDaily,2023-04-18,ok guys here is a testwhich one will see u laterand which one will see u in a while,https://pbs.twimg.com/media/FuBvUajaUAAlD1Z?format=jpg&name=small,https://twitter.com/GatorsDaily/status/1648439938655072261,False,"2,503","8,322",120.8K,10.1M
Post&amp;Comment,#ChatGPT,https://twitter.com/KatyMontgomerie/status/1648680554764574722,Katy Montgomerie Shea LaRoux ,https://twitter.com/KatyMontgomerie,2023-04-19,"Hearing reports that in the middle of some Florida trans kids testifying that they should be allowed rights, that the police shut their parents out and took custody of the kids?!",,https://twitter.com/KatyMontgomerie/status/1648680554764574722,False,200,"5,629",29.3K,1.6M
Post&amp;Comment,#ChatGPT,https://twitter.com/DailyLoud/status/1648725141491253249,Daily Loudshao as a service,https://twitter.com/DailyLoud,2023-04-19,"McDonald's in Japan have installed sink systems that come with a slot that ""sanitizes"" your smartphone",,https://twitter.com/DailyLoud/status/1648725141491253249,False,377,"1,278",13K,1.2M
Post&amp;Comment,#ChatGPT,https://twitter.com/vidsthatgohard/status/1648713456403750914,vids that go hardThe Wrestling Room (Pat Mineo),https://twitter.com/vidsthatgohard,2023-04-19,why he have do that,,https://twitter.com/vidsthatgohard/status/1648713456403750914,False,578,699,15.7K,3.5M
Post&amp;Comment,#ChatGPT,https://twitter.com/shannonrwatts/status/1648564920798019588,Shannon Watts,https://twitter.com/shannonrwatts,2023-04-19,Payton Washington is in the ICU after she was shot for getting in the wrong car in TexasKaylin Gillis was shot to death for driving into the wrong driveway in New YorkRalph Yarl was shot in the head for ringing the doorbell at the wrong house in MissouriIt’s the guns,https://pbs.twimg.com/media/FuDhDpoakAERTb1?format=jpg&name=900x900,https://twitter.com/shannonrwatts/status/1648564920798019588,False,"1,484",17.6K,63.7K,2.9M
Post&amp;Comment,#GPT,https://twitter.com/DailyLoud/status/1648725141491253249,Daily Loudshao as a service,https://twitter.com/DailyLoud,2023-04-19,"McDonald's in Japan have installed sink systems that come with a slot that ""sanitizes"" your smartphone",,https://twitter.com/DailyLoud/status/1648725141491253249,False,377,"1,278",13K,1.2M
Post&amp;Comment,#GPT,https://twitter.com/vidsthatgohard/status/1648713456403750914,vids that go hardThe Wrestling Room (Pat Mineo),https://twitter.com/vidsthatgohard,2023-04-19,why he have do that,,https://twitter.com/vidsthatgohard/status/1648713456403750914,False,578,701,15.7K,3.5M
Post&amp;Comment,#GPT,https://twitter.com/shannonrwatts/status/1648564920798019588,Shannon Watts,https://twitter.com/shannonrwatts,2023-04-19,Payton Washington is in the ICU after she was shot for getting in the wrong car in TexasKaylin Gillis was shot to death for driving into the wrong driveway in New YorkRalph Yarl was shot in the head for ringing the doorbell at the wrong house in MissouriIt’s the guns,https://pbs.twimg.com/media/FuDhDpoakAERTb1?format=jpg&name=900x900,https://twitter.com/shannonrwatts/status/1648564920798019588,False,"1,484",17.6K,63.7K,2.9M
Post&amp;Comment,#GPT,https://twitter.com/brfootball/status/1648676343905677313,B/R Football,https://twitter.com/brfootball,2023-04-19,Rodrygo’s Champions League record is absurd:Starts: 19Goals: 15Assists: 922 years old and he’s only two goals away from being Real Madrid’s joint-fourth top scorer in the competition,https://pbs.twimg.com/media/FuFF1OBWcAA-X1s?format=jpg&name=small,https://twitter.com/brfootball/status/1648676343905677313,False,136,"1,930",26.6K,1.8M
Post&amp;Comment,#OpenAI,https://twitter.com/albert12798/status/1648720620560216064,albert,https://twitter.com/albert12798,2023-04-19,just took this picture,https://pbs.twimg.com/media/FuFuqkwaQAAitF_?format=jpg&name=small,https://twitter.com/albert12798/status/1648720620560216064,False,469,"1,948",66.3K,1.3M
Post&amp;Comment,#OpenAI,https://twitter.com/PopBase/status/1648721877693784067,Pop Base,https://twitter.com/PopBase,2023-04-19,ASTRO’s Moonbin has passed away at the age of 25.,https://pbs.twimg.com/media/FuFvzxoakAEOLjK?format=jpg&name=small,https://twitter.com/PopBase/status/1648721877693784067,False,,13.5K,53.7K,9.7M
Post&amp;Comment,#OpenAI,https://twitter.com/upblissed/status/1648692335952134146,Corn ✧⍣Halo Wars 2,https://twitter.com/upblissed,2023-04-19,racists boutta have a field day wit this they retired his number like he a hall of famer,https://pbs.twimg.com/media/Ft8Q9LKXsAAK-Mc?format=jpg&name=small,https://twitter.com/upblissed/status/1648692335952134146,False,208,"4,622",76.5K,3.4M
Post&amp;Comment,#OpenAI,https://twitter.com/albert12798/status/1648748906610839552,albert,https://twitter.com/albert12798,2023-04-19,my IQ test just came back negative,https://pbs.twimg.com/media/FuGIZDVagAAzmwJ?format=jpg&name=small,https://twitter.com/albert12798/status/1648748906610839552,False,120,477,12.1K,256.3K
Post&amp;Comment,#OpenAI,https://twitter.com/TweetsOfCats/status/1648722375309918210,Tweets of Cats,https://twitter.com/TweetsOfCats,2023-04-19,stop ordering biscuits!,,https://twitter.com/TweetsOfCats/status/1648722375309918210,False,168,"4,179",30.8K,504.2K
Post&amp;Comment,#ChatGPT,https://twitter.com/DailyLoud/status/1648435713384525825,Daily Loud,https://twitter.com/DailyLoud,2023-04-18,Kylie Jenner reveals she hasn’t gotten a lot of plastic surgery: “I think a big misconception about me is that I’ve had so much surgery on my face.”,https://pbs.twimg.com/media/FuBrinCWwAYf_pK?format=jpg&name=small,https://twitter.com/DailyLoud/status/1648435713384525825,False,"5,440","3,776",96.9K,20.9M
Post&amp;Comment,#ChatGPT,https://twitter.com/dxckiii/status/1648478005407399939,ducki High End Homo,https://twitter.com/dxckiii,2023-04-19,shits down kendall’s throat………?,https://pbs.twimg.com/media/FuABTrtXwAUKFmt?format=jpg&name=360x360;https://pbs.twimg.com/media/FuABTrvXoAEILnB?format=jpg&name=360x360;https://pbs.twimg.com/media/FuABTrvWwAAYWA8?format=jpg&name=360x360,https://twitter.com/dxckiii/status/1648478005407399939,False,138,"1,973",74.7K,3.9M
Post&amp;Comment,#ChatGPT,https://twitter.com/ESPNFC/status/1648702997369683970,ESPN FC,https://twitter.com/ESPNFC,2023-04-19,A reminder that AC Milan signed Rafael Leao and Mike Maignan from Lille for a combined €40m  Brilliant business,https://pbs.twimg.com/media/FuFTIOJX0AAzcie?format=jpg&name=small,https://twitter.com/ESPNFC/status/1648702997369683970,False,103,"1,424",26.8K,555.4K
Post&amp;Comment,#ChatGPT,https://twitter.com/PuppiesIover/status/1648683330639126529,Puppies ,https://twitter.com/PuppiesIover,2023-04-19,Awww so cute puppies,,https://twitter.com/PuppiesIover/status/1648683330639126529,False,34,"1,671",17.5K,303.7K
Post&amp;Comment,#ChatGPT,https://twitter.com/cat_auras/status/1648415661998190594,cat with confusing auras.,https://twitter.com/cat_auras,2023-04-18,could be us?,https://pbs.twimg.com/media/FuBZTn5WIAAopkD?format=jpg&name=small,https://twitter.com/cat_auras/status/1648415661998190594,False,227,"8,200",71.9K,1.7M
Post&amp;Comment,#ChatGPT,https://twitter.com/buitengebieden/status/1648561883945762817,Buitengebieden,https://twitter.com/buitengebieden,2023-04-19,Pure happiness..,,https://twitter.com/buitengebieden/status/1648561883945762817,False,240,"3,615",39K,1M
Post&amp;Comment,#OpenAI,https://twitter.com/shannonrwatts/status/1648564920798019588,Shannon Watts,https://twitter.com/shannonrwatts,2023-04-19,Payton Washington is in the ICU after she was shot for getting in the wrong car in TexasKaylin Gillis was shot to death for driving into the wrong driveway in New YorkRalph Yarl was shot in the head for ringing the doorbell at the wrong house in MissouriIt’s the guns,https://pbs.twimg.com/media/FuDhDpoakAERTb1?format=jpg&name=900x900,https://twitter.com/shannonrwatts/status/1648564920798019588,False,"1,484",17.6K,63.7K,2.9M
Post&amp;Comment,#OpenAI,https://twitter.com/albert12798/status/1648720620560216064,albert,https://twitter.com/albert12798,2023-04-19,just took this picture,https://pbs.twimg.com/media/FuFuqkwaQAAitF_?format=jpg&name=small,https://twitter.com/albert12798/status/1648720620560216064,False,469,"1,949",66.4K,1.3M
Post&amp;Comment,#OpenAI,https://twitter.com/theweeknd/status/1648736477613035520,The Weeknd,https://twitter.com/theweeknd,2023-04-19,new song “DOUBLE FANTASY” ft. @1future out tomorrow night : http://theweeknd.co/DoubleFantasy.  #THEIDOL,https://pbs.twimg.com/media/FuF7O_hacAU3Xm5?format=jpg&name=small,https://twitter.com/theweeknd/status/1648736477613035520,False,565,"4,210",24K,704.7K
Post&amp;Comment,#OpenAI,https://twitter.com/albert12798/status/1648748906610839552,albert,https://twitter.com/albert12798,2023-04-19,my IQ test just came back negative,https://pbs.twimg.com/media/FuGIZDVagAAzmwJ?format=jpg&name=small,https://twitter.com/albert12798/status/1648748906610839552,False,122,477,12.1K,258.6K
Post&amp;Comment,#OpenAI,https://twitter.com/TweetsOfCats/status/1648722375309918210,Tweets of Cats,https://twitter.com/TweetsOfCats,2023-04-19,stop ordering biscuits!,,https://twitter.com/TweetsOfCats/status/1648722375309918210,False,168,"4,182",30.9K,506.1K
Post&amp;Comment,#OpenAI,https://twitter.com/SaeedDiCaprio/status/1648708599466582017,Hurt CoPain,https://twitter.com/SaeedDiCaprio,2023-04-19,they need to name the person so I can bully them,https://pbs.twimg.com/media/FuFju5oWwAEm9Uv?format=jpg&name=small,https://twitter.com/SaeedDiCaprio/status/1648708599466582017,False,56,"1,379",40.1K,822.9K
Post&amp;Comment,#OpenAI,https://twitter.com/_B___S/status/1648714854914555905,B&S,https://twitter.com/_B___S,2023-04-19,Pelican tries to eat capybara,,https://twitter.com/_B___S/status/1648714854914555905,False,329,"3,924",34K,888.6K
Post&amp;Comment,#ChatGPT,https://twitter.com/kirawontmiss/status/1648726935260758031,kira Ellen DeGeneres,https://twitter.com/kirawontmiss,2023-04-19,imagine seeing this running towards you at full speed in the dark,https://pbs.twimg.com/media/FuBEgopaIAAslPU?format=jpg&name=small,https://twitter.com/kirawontmiss/status/1648726935260758031,False,445,"2,821",61.7K,2.8M
Post&amp;Comment,#ChatGPT,https://twitter.com/theweeknd/status/1648736477613035520,The Weeknd,https://twitter.com/theweeknd,2023-04-19,new song “DOUBLE FANTASY” ft. @1future out tomorrow night : http://theweeknd.co/DoubleFantasy.  #THEIDOL,https://pbs.twimg.com/media/FuF7O_hacAU3Xm5?format=jpg&name=small,https://twitter.com/theweeknd/status/1648736477613035520,False,565,"4,210",24K,704.7K
Post&amp;Comment,#ChatGPT,https://twitter.com/upblissed/status/1648692335952134146,Corn ✧⍣Halo Wars 2,https://twitter.com/upblissed,2023-04-19,racists boutta have a field day wit this they retired his number like he a hall of famer,https://pbs.twimg.com/media/Ft8Q9LKXsAAK-Mc?format=jpg&name=small,https://twitter.com/upblissed/status/1648692335952134146,False,208,"4,624",76.6K,3.4M
Post&amp;Comment,#OpenAI,https://twitter.com/ESPNFC/status/1648672802575187969,ESPN FC,https://twitter.com/ESPNFC,2023-04-19,This kid's reaction to meeting Karim Benzema is everything,https://pbs.twimg.com/media/FuDe0yGXwAY_ANu?format=jpg&name=small,https://twitter.com/ESPNFC/status/1648672802575187969,False,98,"1,226",25.7K,378.5K
Post&amp;Comment,#OpenAI,https://twitter.com/dxckiii/status/1648478005407399939,ducki High End Homo,https://twitter.com/dxckiii,2023-04-19,shits down kendall’s throat………?,https://pbs.twimg.com/media/FuABTrtXwAUKFmt?format=jpg&name=360x360;https://pbs.twimg.com/media/FuABTrvXoAEILnB?format=jpg&name=360x360;https://pbs.twimg.com/media/FuABTrvWwAAYWA8?format=jpg&name=360x360,https://twitter.com/dxckiii/status/1648478005407399939,False,138,"1,973",74.7K,3.9M
Post&amp;Comment,#OpenAI,https://twitter.com/ESPNFC/status/1648440125305786368,ESPN FC,https://twitter.com/ESPNFC,2023-04-18,Rodrygo hit the 'SIUUU' in honor of his idol,https://pbs.twimg.com/media/FuBvjTDaEAAFRfN?format=jpg&name=small,https://twitter.com/ESPNFC/status/1648440125305786368,False,423,"5,106",71.6K,3.2M
Post&amp;Comment,#OpenAI,https://twitter.com/PuppiesIover/status/1648683330639126529,Puppies ,https://twitter.com/PuppiesIover,2023-04-19,Awww so cute puppies,,https://twitter.com/PuppiesIover/status/1648683330639126529,False,34,"1,672",17.5K,303.7K
Post&amp;Comment,#OpenAI,https://twitter.com/cat_auras/status/1648415661998190594,cat with confusing auras.,https://twitter.com/cat_auras,2023-04-18,could be us?,https://pbs.twimg.com/media/FuBZTn5WIAAopkD?format=jpg&name=small,https://twitter.com/cat_auras/status/1648415661998190594,False,227,"8,200",71.9K,1.7M
Post&amp;Comment,#ChatGPT,https://twitter.com/theweeknd/status/1648736477613035520,The Weeknd,https://twitter.com/theweeknd,2023-04-19,new song “DOUBLE FANTASY” ft. @1future out tomorrow night : http://theweeknd.co/DoubleFantasy.  #THEIDOL,https://pbs.twimg.com/media/FuF7O_hacAU3Xm5?format=jpg&name=small,https://twitter.com/theweeknd/status/1648736477613035520,False,565,"4,211",24K,704.7K
Post&amp;Comment,#OpenAI,https://twitter.com/DailyLoud/status/1648435713384525825,Daily Loud,https://twitter.com/DailyLoud,2023-04-18,Kylie Jenner reveals she hasn’t gotten a lot of plastic surgery: “I think a big misconception about me is that I’ve had so much surgery on my face.”,https://pbs.twimg.com/media/FuBrinCWwAYf_pK?format=jpg&name=small,https://twitter.com/DailyLoud/status/1648435713384525825,False,"5,440","3,776",96.9K,20.9M
Post&amp;Comment,#OpenAI,https://twitter.com/Gritty20202/status/1648439392133087232,Gritty is the WayFifty Shades of Whey,https://twitter.com/Gritty20202,2023-04-18,can we just skip ahead to the part where they reveal the parking garage had not passed an inspection in decades?,,https://twitter.com/Gritty20202/status/1648439392133087232,False,78,"4,168",41.4K,2M
Post&amp;Comment,#OpenAI,https://twitter.com/albert12798/status/1648720620560216064,albert,https://twitter.com/albert12798,2023-04-19,just took this picture,https://pbs.twimg.com/media/FuFuqkwaQAAitF_?format=jpg&name=small,https://twitter.com/albert12798/status/1648720620560216064,False,469,"1,953",66.5K,1.3M
Post&amp;Comment,#ChatGPT,https://twitter.com/_B___S/status/1648731219566252034,B&S,https://twitter.com/_B___S,2023-04-19,Old dog teaches the new dog where the doggy-door is,,https://twitter.com/_B___S/status/1648731219566252034,False,79,"2,301",21.6K,436.5K
Post&amp;Comment,#ChatGPT,https://twitter.com/FabrizioRomano/status/1648412806880935937,Fabrizio Romano,https://twitter.com/FabrizioRomano,2023-04-18,"Rafael Leão dancing. Top player, what an assist for Olivier Giroud’s goal.  #UCL",https://pbs.twimg.com/media/FuBWqgnWYAIt8kw?format=jpg&name=small,https://twitter.com/FabrizioRomano/status/1648412806880935937,False,698,"4,190",76.6K,3.3M
Post&amp;Comment,#ChatGPT,https://twitter.com/theweeknd/status/1648736477613035520,The Weeknd,https://twitter.com/theweeknd,2023-04-19,new song “DOUBLE FANTASY” ft. @1future out tomorrow night : http://theweeknd.co/DoubleFantasy.  #THEIDOL,https://pbs.twimg.com/media/FuF7O_hacAU3Xm5?format=jpg&name=small,https://twitter.com/theweeknd/status/1648736477613035520,False,565,"4,214",24K,704.7K
Post&amp;Comment,#ChatGPT,https://twitter.com/TweetsOfCats/status/1648722375309918210,Tweets of Cats,https://twitter.com/TweetsOfCats,2023-04-19,stop ordering biscuits!,,https://twitter.com/TweetsOfCats/status/1648722375309918210,False,169,"4,189",31K,506.1K
Post&amp;Comment,#ChatGPT,https://twitter.com/SaeedDiCaprio/status/1648708599466582017,Hurt CoPain,https://twitter.com/SaeedDiCaprio,2023-04-19,they need to name the person so I can bully them,https://pbs.twimg.com/media/FuFju5oWwAEm9Uv?format=jpg&name=small,https://twitter.com/SaeedDiCaprio/status/1648708599466582017,False,56,"1,379",40.1K,822.9K
Post&amp;Comment,#ChatGPT,https://twitter.com/_B___S/status/1648714854914555905,B&S,https://twitter.com/_B___S,2023-04-19,Pelican tries to eat capybara,,https://twitter.com/_B___S/status/1648714854914555905,False,329,"3,931",34.1K,890.6K
Post&amp;Comment,#OpenAI,https://twitter.com/buitengebieden/status/1648561883945762817,Buitengebieden,https://twitter.com/buitengebieden,2023-04-19,Pure happiness..,,https://twitter.com/buitengebieden/status/1648561883945762817,False,240,"3,615",39K,1M
Post&amp;Comment,#OpenAI,https://twitter.com/etnow/status/1648401006168879105,Entertainment Tonight,https://twitter.com/etnow,2023-04-18,Ariana Grande sings as Glinda on the set of #Wicked.,,https://twitter.com/etnow/status/1648401006168879105,False,406,"7,511",58.6K,15.3M
Post&amp;Comment,#OpenAI,https://twitter.com/FabrizioRomano/status/1648426936111341568,Fabrizio Romano,https://twitter.com/FabrizioRomano,2023-04-18,Rodrygo Goes has now 10 Champions League goals in the last two season — good to remind he’s still 22  #UCLAlways there in crucial nights. €45m top deal for Real Madrid. Underrated.,https://pbs.twimg.com/media/FuBjjrJWcAQeS6F?format=jpg&name=small,https://twitter.com/FabrizioRomano/status/1648426936111341568,False,410,"4,296",68.6K,5M
Post&amp;Comment,#OpenAI,https://twitter.com/Gritty20202/status/1648439392133087232,Gritty is the WayFifty Shades of Whey,https://twitter.com/Gritty20202,2023-04-18,can we just skip ahead to the part where they reveal the parking garage had not passed an inspection in decades?,,https://twitter.com/Gritty20202/status/1648439392133087232,False,78,"4,169",41.4K,2M
Post&amp;Comment,#OpenAI,https://twitter.com/shannonrwatts/status/1648499041972678656,Shannon Watts,https://twitter.com/shannonrwatts,2023-04-19,"AGAIN: When two Woodlands Elite cheerleaders in Texas accidentally tried to get into the wrong vehicle in an HEB parking lot in Austin after their practice session, a 25-year-old man opened fire on them. One of the victims is in the ICU. #txlege",https://pbs.twimg.com/card_img/1648481067756814342/E34HkkBY?format=jpg&name=small,https://twitter.com/shannonrwatts/status/1648499041972678656,False,"1,026","9,296",29.9K,2.8M
Post&amp;Comment,#ChatGPT,https://twitter.com/cat_auras/status/1648657081048735745,cat with confusing auras.,https://twitter.com/cat_auras,2023-04-19,It’s my birthday!,https://pbs.twimg.com/media/FuE03koXsAED5iz?format=jpg&name=small,https://twitter.com/cat_auras/status/1648657081048735745,False,143,"1,498",14.2K,377K
Post&amp;Comment,#ChatGPT,https://twitter.com/TweetsOfCats/status/1648722375309918210,Tweets of Cats,https://twitter.com/TweetsOfCats,2023-04-19,stop ordering biscuits!,,https://twitter.com/TweetsOfCats/status/1648722375309918210,False,169,"4,193",31K,507.9K
Post&amp;Comment,#ChatGPT,https://twitter.com/SaeedDiCaprio/status/1648708599466582017,Hurt CoPain,https://twitter.com/SaeedDiCaprio,2023-04-19,they need to name the person so I can bully them,https://pbs.twimg.com/media/FuFju5oWwAEm9Uv?format=jpg&name=small,https://twitter.com/SaeedDiCaprio/status/1648708599466582017,False,56,"1,380",40.1K,824K
Post&amp;Comment,#ChatGPT,https://twitter.com/_B___S/status/1648714854914555905,B&S,https://twitter.com/_B___S,2023-04-19,Pelican tries to eat capybara,,https://twitter.com/_B___S/status/1648714854914555905,False,330,"3,935",34.1K,890.6K
Post&amp;Comment,#ChatGPT,https://twitter.com/kirawontmiss/status/1648714855027814402,kira ,https://twitter.com/kirawontmiss,2023-04-19,creative ass way to sell pants i’m crying,https://pbs.twimg.com/media/FuFpa9lXoAA9Fn7?format=jpg&name=small,https://twitter.com/kirawontmiss/status/1648714855027814402,False,109,854,33.2K,889.8K
Post&amp;Comment,#ChatGPT,https://twitter.com/POTUS/status/1648687897040547842,President Biden,https://twitter.com/POTUS,2023-04-19,Ban assault weapons – it’s beyond time.,,https://twitter.com/POTUS/status/1648687897040547842,False,21.9K,"6,446",52K,13M
Post&amp;Comment,#ChatGPT,https://twitter.com/_B___S/status/1648675418604462082,B&S,https://twitter.com/_B___S,2023-04-19,the middle one is so clever,,https://twitter.com/_B___S/status/1648675418604462082,False,306,"6,380",61.2K,1.7M
Post&amp;Comment,#ChatGPT,https://twitter.com/shannonrwatts/status/1648499041972678656,Shannon Watts,https://twitter.com/shannonrwatts,2023-04-19,"AGAIN: When two Woodlands Elite cheerleaders in Texas accidentally tried to get into the wrong vehicle in an HEB parking lot in Austin after their practice session, a 25-year-old man opened fire on them. One of the victims is in the ICU. #txlege",https://pbs.twimg.com/card_img/1648481067756814342/E34HkkBY?format=jpg&name=small,https://twitter.com/shannonrwatts/status/1648499041972678656,False,"1,026","9,296",29.9K,2.8M
Post&amp;Comment,#ChatGPT,https://twitter.com/PuppiesIover/status/1648615748833800192,Puppies ,https://twitter.com/PuppiesIover,2023-04-19,Awwww So cute puppy,https://pbs.twimg.com/media/FuEPSLdWcAAaFq0?format=jpg&name=small,https://twitter.com/PuppiesIover/status/1648615748833800192,False,37,"1,131",16K,277.1K
Post&amp;Comment,#ChatGPT,https://twitter.com/TweetsOfCats/status/1648722375309918210,Tweets of Cats,https://twitter.com/TweetsOfCats,2023-04-19,stop ordering biscuits!,,https://twitter.com/TweetsOfCats/status/1648722375309918210,False,169,"4,197",31K,507.9K
Post&amp;Comment,#ChatGPT,https://twitter.com/_B___S/status/1648675418604462082,B&S,https://twitter.com/_B___S,2023-04-19,the middle one is so clever,,https://twitter.com/_B___S/status/1648675418604462082,False,306,"6,381",61.2K,1.7M
Post&amp;Comment,#ChatGPT,https://twitter.com/kirawontmiss/status/1648714855027814402,kira ,https://twitter.com/kirawontmiss,2023-04-19,creative ass way to sell pants i’m crying,https://pbs.twimg.com/media/FuFpa9lXoAA9Fn7?format=jpg&name=small,https://twitter.com/kirawontmiss/status/1648714855027814402,False,109,855,33.2K,892.3K
Post&amp;Comment,#ChatGPT,https://twitter.com/espn/status/1648533397030191105,ESPN,https://twitter.com/espn,2023-04-19,"Breaking: Draymond Green has been suspended one game without pay for stepping on the chest of Domantas Sabonis, the NBA announced.",https://pbs.twimg.com/media/FuDEYzlWwAAsK9f?format=jpg&name=small,https://twitter.com/espn/status/1648533397030191105,False,"3,584","4,156",46.5K,16.5M
Post&amp;Comment,#ChatGPT,https://twitter.com/_B___S/status/1648675418604462082,B&S,https://twitter.com/_B___S,2023-04-19,the middle one is so clever,,https://twitter.com/_B___S/status/1648675418604462082,False,306,"6,382",61.2K,1.7M
Post&amp;Comment,#ChatGPT,https://twitter.com/POTUS/status/1648687897040547842,President Biden,https://twitter.com/POTUS,2023-04-19,Ban assault weapons – it’s beyond time.,,https://twitter.com/POTUS/status/1648687897040547842,False,21.9K,"6,449",52K,13M
Post&amp;Comment,#ChatGPT,https://twitter.com/_B___S/status/1648633199835115520,B&S,https://twitter.com/_B___S,2023-04-19,"An albino peacock flying over a regular one, and it looks indeed his spirit or an out of body experience",https://pbs.twimg.com/media/FuEfJ36X0AAp6yc?format=jpg&name=small,https://twitter.com/_B___S/status/1648633199835115520,False,142,10.2K,88.4K,1.8M
Post&amp;Comment,#ChatGPT,https://twitter.com/SaeedDiCaprio/status/1648444779385200644,Hurt CoPainDaily Loud,https://twitter.com/SaeedDiCaprio,2023-04-18,now why are they carrying that baby like an uber eats delivery,https://pbs.twimg.com/media/FuA_48AWYAAw4qM?format=jpg&name=small,https://twitter.com/SaeedDiCaprio/status/1648444779385200644,False,34,980,26.9K,1.3M
Post&amp;Comment,#ChatGPT,https://twitter.com/pinkpantheress2/status/1648552402264420352,pinkpantheress,https://twitter.com/pinkpantheress2,2023-04-19,best bday ever!!,https://pbs.twimg.com/media/FuDSVb0X0AEI4sV?format=jpg&name=small,https://twitter.com/pinkpantheress2/status/1648552402264420352,False,"3,637",35.8K,170.5K,5.3M
Post&amp;Comment,#ChatGPT,https://twitter.com/kirawontmiss/status/1648714855027814402,kira ,https://twitter.com/kirawontmiss,2023-04-19,creative ass way to sell pants i’m crying,https://pbs.twimg.com/media/FuFpa9lXoAA9Fn7?format=jpg&name=small,https://twitter.com/kirawontmiss/status/1648714855027814402,False,109,857,33.3K,892.3K
Post&amp;Comment,#ChatGPT,https://twitter.com/POTUS/status/1648687897040547842,President Biden,https://twitter.com/POTUS,2023-04-19,Ban assault weapons – it’s beyond time.,,https://twitter.com/POTUS/status/1648687897040547842,False,21.9K,"6,451",52.1K,13M
Post&amp;Comment,#ChatGPT,https://twitter.com/hasanthehun/status/1648691771277467650,hasanabiAncommie,https://twitter.com/hasanthehun,2023-04-19,they’re retiring the number like it’s the jersey of an nba legend oh man,https://pbs.twimg.com/media/FuBYP1oX0AMYAlt?format=jpg&name=small,https://twitter.com/hasanthehun/status/1648691771277467650,False,159,"1,829",38.4K,1.8M
Post&amp;Comment,#ChatGPT,https://twitter.com/ESPNFC/status/1648627503869620226,ESPN FC,https://twitter.com/ESPNFC,2023-04-19,"Four years ago today, Cristiano Ronaldo won the Serie A, becoming the first player in history to win the Premier League, La Liga and Serie A",https://pbs.twimg.com/media/FuEZ-fCWYAMinFb?format=jpg&name=small,https://twitter.com/ESPNFC/status/1648627503869620226,False,365,"2,354",29.5K,1.1M
Post&amp;Comment,#ChatGPT,https://twitter.com/homeofdcu/status/1648463134758412290,Home of DCU,https://twitter.com/homeofdcu,2023-04-18,Danny DeVito on returning as the Penguin:“Colin Farrell is the Penguin now.”(https://variety.com/2023/film/columns/damon-lindelof-star-wars-1235587344/…),https://pbs.twimg.com/media/FuCERrQaAAItGVV?format=png&name=small;https://pbs.twimg.com/media/FuCESdNaQAAHxMU?format=jpg&name=small,https://twitter.com/homeofdcu/status/1648463134758412290,False,88,795,23.7K,855.7K
Post&amp;Comment,#ChatGPT,https://twitter.com/hasanthehun/status/1648691771277467650,hasanabiAncommie,https://twitter.com/hasanthehun,2023-04-19,they’re retiring the number like it’s the jersey of an nba legend oh man,https://pbs.twimg.com/media/FuBYP1oX0AMYAlt?format=jpg&name=small,https://twitter.com/hasanthehun/status/1648691771277467650,False,159,"1,830",38.4K,1.8M
Post&amp;Comment,#ChatGPT,https://twitter.com/shouldhaveaduck/status/1648726171612487680,why you should have a duck ,https://twitter.com/shouldhaveaduck,2023-04-19,True love,https://pbs.twimg.com/media/FuFztmmacAAlidw?format=jpg&name=small,https://twitter.com/shouldhaveaduck/status/1648726171612487680,False,14,433,"3,339",126.9K
Post&amp;Comment,#ChatGPT,https://twitter.com/shouldhaveaduck/status/1648627644408434688,why you should have a duck ,https://twitter.com/shouldhaveaduck,2023-04-19,Little helper..,,https://twitter.com/shouldhaveaduck/status/1648627644408434688,False,43,"1,482",10.7K,403.8K
Post&amp;Comment,#ChatGPT,https://twitter.com/hasanthehun/status/1648691771277467650,hasanabiAncommie,https://twitter.com/hasanthehun,2023-04-19,they’re retiring the number like it’s the jersey of an nba legend oh man,https://pbs.twimg.com/media/FuBYP1oX0AMYAlt?format=jpg&name=small,https://twitter.com/hasanthehun/status/1648691771277467650,False,159,"1,831",38.4K,1.8M
Post&amp;Comment,#ChatGPT,https://twitter.com/ChampionsLeague/status/1648718095341748224,UEFA Champions League,https://twitter.com/ChampionsLeague,2023-04-19,"In three words, what will happen? #UCL",https://pbs.twimg.com/media/FuFq6COWIAI0R9d?format=jpg&name=small,https://twitter.com/ChampionsLeague/status/1648718095341748224,False,"2,860","1,260",24.3K,1.7M
Post&amp;Comment,#ChatGPT,https://twitter.com/FilmUpdates/status/1648491768030302211,Film Updates,https://twitter.com/FilmUpdates,2023-04-19,"Luca Guadagnino’s ‘CHALLENGERS’ starring Zendaya, Josh O’Connor and Mike Faist has been rated R for language, sexual content and graphic nudity.",https://pbs.twimg.com/media/FuCehknakAALnSz?format=jpg&name=small,https://twitter.com/FilmUpdates/status/1648491768030302211,False,175,942,17.2K,2.7M
Post&amp;Comment,#ChatGPT,https://twitter.com/_B___S/status/1648731219566252034,B&S,https://twitter.com/_B___S,2023-04-19,Old dog teaches the new dog where the doggy-door is,,https://twitter.com/_B___S/status/1648731219566252034,False,80,"2,323",21.8K,443.7K
Post&amp;Comment,#ChatGPT,https://twitter.com/OliviaMesser/status/1648545972023095307,Olivia Messer ,https://twitter.com/OliviaMesser,2023-04-19,"Four members of a cheerleading team in Texas were shot Tuesday after the girls mistakenly tried to get into the wrong car. 18-year-old Payton Washington was shot in the leg and the back, damaging multiple organs. She was already competing with one lung.",https://pbs.twimg.com/card_img/1648481067756814342/E34HkkBY?format=jpg&name=small,https://twitter.com/OliviaMesser/status/1648545972023095307,False,618,"4,581",15.4K,3.4M
Post&amp;Comment,#ChatGPT,https://twitter.com/ChampionsLeague/status/1648441993570426881,UEFA Champions League,https://twitter.com/ChampionsLeague,2023-04-18,Fede outstanding. Again.#UCL,https://pbs.twimg.com/media/FuBwrhwaAAIYK1p?format=jpg&name=small,https://twitter.com/ChampionsLeague/status/1648441993570426881,False,272,"2,258",54.8K,1.3M
Post&amp;Comment,#ChatGPT,https://twitter.com/_B___S/status/1648633199835115520,B&S,https://twitter.com/_B___S,2023-04-19,"An albino peacock flying over a regular one, and it looks indeed his spirit or an out of body experience",https://pbs.twimg.com/media/FuEfJ36X0AAp6yc?format=jpg&name=small,https://twitter.com/_B___S/status/1648633199835115520,False,142,10.2K,88.5K,1.8M
Post&amp;Comment,#ChatGPT,https://twitter.com/hasanthehun/status/1648691771277467650,hasanabiAncommie,https://twitter.com/hasanthehun,2023-04-19,they’re retiring the number like it’s the jersey of an nba legend oh man,https://pbs.twimg.com/media/FuBYP1oX0AMYAlt?format=jpg&name=small,https://twitter.com/hasanthehun/status/1648691771277467650,False,159,"1,833",38.4K,1.8M
Post&amp;Comment,#ChatGPT,https://twitter.com/FabrizioRomano/status/1648576925873340416,Fabrizio Romano,https://twitter.com/FabrizioRomano,2023-04-19,"Rafa Leão on contract expiring in 2024 and new deal negotiations: “I want to stay here at Milan, yes — but there are some things to resolve. I’m still under contract for one more year, we’re in talks”, told Sky “I feel at home at AC Milan. I’m so, so happy to be here”.",https://pbs.twimg.com/media/FuDr9s_XgAIMXK4?format=jpg&name=small,https://twitter.com/FabrizioRomano/status/1648576925873340416,False,205,"1,670",36.9K,2.3M
Post&amp;Comment,#ChatGPT,https://twitter.com/hiitaylorblake/status/1648435549253042177,eco sister,https://twitter.com/hiitaylorblake,2023-04-18,ATTICUS UPDATE,,https://twitter.com/hiitaylorblake/status/1648435549253042177,False,534,512,19.9K,384.1K
Post&amp;Comment,#ChatGPT,https://twitter.com/MrLovenstein/status/1648668225658339328,J. L. Westover,https://twitter.com/MrLovenstein,2023-04-19,Secret Panel HERE  http://tapas.io/episode/2372654,https://pbs.twimg.com/media/FuE-5Z6XwAM7rfl?format=jpg&name=small,https://twitter.com/MrLovenstein/status/1648668225658339328,False,16,497,"5,391",81.8K
Post&amp;Comment,#ChatGPT,https://twitter.com/NiallHarbison/status/1648605633401454592,Niall Harbison,https://twitter.com/NiallHarbison,2023-04-19,There were a few people to help today so it was big bath day for the dogs…McMuffin incandescent with rage  Snoop very happy sitting shower  Brad Pitt soapy clean  Jumbo pretend angry Tina looking like a supermodel now Nap in the sun to dry off now,,https://twitter.com/NiallHarbison/status/1648605633401454592,False,136,370,"7,990",118.6K
Post&amp;Comment,#ChatGPT,https://twitter.com/fasc1nate/status/1648558955717697540,Fascinating,https://twitter.com/fasc1nate,2023-04-19,"Bear cub? Nope, it's a German Shepherd/Akita/Corgi mix",https://pbs.twimg.com/media/FuDbocyX0AIcQyk?format=jpg&name=small,https://twitter.com/fasc1nate/status/1648558955717697540,False,126,809,15.1K,708.1K
Post&amp;Comment,#ChatGPT,https://twitter.com/fasc1nate/status/1648532280510500870,Fascinating,https://twitter.com/fasc1nate,2023-04-19,"Native to the coast of South Africa, Black Rain Frogs are known for their perpetual grimace.",https://pbs.twimg.com/media/FuDDXx_XsAAPzIr?format=jpg&name=small,https://twitter.com/fasc1nate/status/1648532280510500870,False,269,"1,367",16.4K,821.5K
Post&amp;Comment,#ChatGPT,https://twitter.com/_B___S/status/1648731219566252034,B&S,https://twitter.com/_B___S,2023-04-19,Old dog teaches the new dog where the doggy-door is,,https://twitter.com/_B___S/status/1648731219566252034,False,80,"2,329",21.9K,446.1K
Post&amp;Comment,#ChatGPT,https://twitter.com/NiallHarbison/status/1648605633401454592,Niall Harbison,https://twitter.com/NiallHarbison,2023-04-19,There were a few people to help today so it was big bath day for the dogs…McMuffin incandescent with rage  Snoop very happy sitting shower  Brad Pitt soapy clean  Jumbo pretend angry Tina looking like a supermodel now Nap in the sun to dry off now,,https://twitter.com/NiallHarbison/status/1648605633401454592,False,136,370,"7,991",118.6K
Post&amp;Comment,#ChatGPT,https://twitter.com/hasanthehun/status/1648691771277467650,hasanabiAncommie,https://twitter.com/hasanthehun,2023-04-19,they’re retiring the number like it’s the jersey of an nba legend oh man,https://pbs.twimg.com/media/FuBYP1oX0AMYAlt?format=jpg&name=small,https://twitter.com/hasanthehun/status/1648691771277467650,False,159,"1,834",38.5K,1.8M
Post&amp;Comment,#ChatGPT,https://twitter.com/SpaceX/status/1648695960657334275,SpaceX,https://twitter.com/SpaceX,2023-04-19,Liftoff!,,https://twitter.com/SpaceX/status/1648695960657334275,False,956,"3,495",30.9K,3.4M
Post&amp;Comment,#ChatGPT,https://twitter.com/theweeknd/status/1648734439223222277,The Weeknd,https://twitter.com/theweeknd,2023-04-19,new song “DOUBLE FANTASY” ft. @1future out tomorrow night : http://theweeknd.co/DoubleFantasy,https://pbs.twimg.com/media/FuF7O_hacAU3Xm5?format=jpg&name=small,https://twitter.com/theweeknd/status/1648734439223222277,False,633,"1,810","9,729",280.5K
Post&amp;Comment,#ChatGPT,https://twitter.com/CNN/status/1648661504529518593,CNN,https://twitter.com/CNN,2023-04-19,Authorities have arrested the man they say shot two teenage cheerleaders after one said she mistook the suspect's vehicle as her own in a supermarket parking lot near Texas' capital.,https://pbs.twimg.com/card_img/1648659047271333891/DgBjZ47Q?format=jpg&name=small,https://twitter.com/CNN/status/1648661504529518593,False,966,"1,393","4,072",1.4M
Post&amp;Comment,#ChatGPT,https://twitter.com/SpaceX/status/1648695960657334275,SpaceX,https://twitter.com/SpaceX,2023-04-19,Liftoff!,,https://twitter.com/SpaceX/status/1648695960657334275,False,957,"3,497",31K,3.4M
Post&amp;Comment,#ChatGPT,https://twitter.com/shannonrwatts/status/1648564920798019588,Shannon Watts,https://twitter.com/shannonrwatts,2023-04-19,Payton Washington is in the ICU after she was shot for getting in the wrong car in TexasKaylin Gillis was shot to death for driving into the wrong driveway in New YorkRalph Yarl was shot in the head for ringing the doorbell at the wrong house in MissouriIt’s the guns,https://pbs.twimg.com/media/FuDhDpoakAERTb1?format=jpg&name=900x900,https://twitter.com/shannonrwatts/status/1648564920798019588,False,"1,489",17.6K,63.9K,2.9M
Post&amp;Comment,#ChatGPT,https://twitter.com/Rainmaker1973/status/1648723659010211844,MassimoLevandov,https://twitter.com/Rainmaker1973,2023-04-19,"Interspecies relationships are more common in captivity than in the wild, like this young gorilla from the Taipei Zoo trying to make friends with a muntjac deer[read more: https://buff.ly/40ocHXJ][ Gorilla D'jeeco Family: https://buff.ly/43J70GD]",,https://twitter.com/Rainmaker1973/status/1648723659010211844,False,34,247,"2,379",132.4K
Post&amp;Comment,#ChatGPT,https://twitter.com/brfootball/status/1648431134559330304,B/R Football,https://twitter.com/brfootball,2023-04-18,Milan reach the Champions League semifinals for the first time since 2007.They won the whole thing that year,https://pbs.twimg.com/media/FuBnO7mXwAAfdq1?format=jpg&name=small,https://twitter.com/brfootball/status/1648431134559330304,False,186,"3,419",40.8K,1.6M
Post&amp;Comment,#ChatGPT,https://twitter.com/vidsthatgohard/status/1648713456403750914,vids that go hardThe Wrestling Room (Pat Mineo),https://twitter.com/vidsthatgohard,2023-04-19,why he have do that,,https://twitter.com/vidsthatgohard/status/1648713456403750914,False,582,706,15.9K,3.6M
Post&amp;Comment,#ChatGPT,https://twitter.com/fasc1nate/status/1648532280510500870,Fascinating,https://twitter.com/fasc1nate,2023-04-19,"Native to the coast of South Africa, Black Rain Frogs are known for their perpetual grimace.",https://pbs.twimg.com/media/FuDDXx_XsAAPzIr?format=jpg&name=small,https://twitter.com/fasc1nate/status/1648532280510500870,False,269,"1,367",16.4K,822K
Post&amp;Comment,#ChatGPT,https://twitter.com/keithboykin/status/1648451789107367942,Keith Boykin,https://twitter.com/keithboykin,2023-04-18,Republicans have blocked Democrats' plan to replace Dianne Feinstein on the Senate Judiciary Committee.This leaves Democrats unable to move on Biden’s judicial nominees and the committee unable to issue subpoenas to investigate Justice Clarence Thomas.,https://pbs.twimg.com/card_img/1648441864922734600/uIJCUrHc?format=jpg&name=small,https://twitter.com/keithboykin/status/1648451789107367942,False,"2,200","5,133",13.5K,1.6M
Post&amp;Comment,#ChatGPT,https://twitter.com/ESPNFC/status/1648432470097002498,ESPN FC,https://twitter.com/ESPNFC,2023-04-18,Courtois appeared to kiss the Real Madrid badge in front of Chelsea fans,https://pbs.twimg.com/media/FuBol_xWIAA-lXx?format=jpg&name=small,https://twitter.com/ESPNFC/status/1648432470097002498,False,381,"1,899",40.4K,2M
